PhoneNumber,User_ID,Sex,HEIFAtotalscoreMale,HEIFAtotalscoreFemale,DiscretionaryHEIFAscoreMale,DiscretionaryHEIFAscoreFemale,Discretionaryservesize,VegetablesHEIFAscoreMale,VegetablesHEIFAscoreFemale,Vegetableswithlegumesallocatedservesize,LegumesallocatedVegetables,Vegetablesvariationsscore,VegetablesCruciferous,VegetablesTuberandbulb,VegetablesOther,Legumes,VegetablesGreen,VegetablesRedandorange,FruitHEIFAscoreMale,FruitHEIFAscoreFemale,Fruitservesize,Fruitvariationsscore,FruitPome,FruitTropicalandsubtropical,FruitBerry,FruitStone,FruitCitrus,FruitOther,GrainsandcerealsHEIFAscoreMale,GrainsandcerealsHEIFAscoreFemale,Grainsandcerealsservesize,GrainsandcerealsNonwholegrains,WholegrainsHEIFAscoreMale,WholegrainsHEIFAscoreFemale,Wholegrainsservesize,MeatandalternativesHEIFAscoreMale,MeatandalternativesHEIFAscoreFemale,Meatandalternativeswithlegumesallocatedservesize,LegumesallocatedMeatandalternatives,DairyandalternativesHEIFAscoreMale,DairyandalternativesHEIFAscoreFemale,Dairyandalternativesservesize,SodiumHEIFAscoreMale,SodiumHEIFAscoreFemale,Sodiummgmilligrams,AlcoholHEIFAscoreMale,AlcoholHEIFAscoreFemale,Alcoholstandarddrinks,WaterHEIFAscoreMale,WaterHEIFAscoreFemale,Water,WaterTotalmL,BeverageTotalmL,SugarHEIFAscoreMale,SugarHEIFAscoreFemale,Sugar,SaturatedFatHEIFAscoreMale,SaturatedFatHEIFAscoreFemale,SaturatedFat,UnsaturatedFatHEIFAscoreMale,UnsaturatedFatHEIFAscoreFemale,UnsaturatedFatservesize,Discretionary
61436567330,4,Male,41.67,46.17,10,10,1.88,0.5,0.5,0.04,0,0,0,0,0,0,0.04,0,0,0,0,0,0,0,0,0,0,0,1.67,1.67,2.97,2.97,0,0,0,2,4,1.17,0,0,0,0,5,5,2081.75,5,5,0,0,0,48.57,326.8,672.8,10,10,4.82,5,5,8.49,2.5,5,2.17,1
61436567331,1,Female,42.84,43.84,10,10,0.45,1,1,1.19,0,0,0,0.83,0,0,0,0.36,0,0,0,0,0,0,0,0,0,0,0.84,0.84,1.36,1.36,0,0,0,1,2,0.85,0,0,0,0,10,10,67.1,5,5,0,0,0,100,488.5,488.5,10,10,8.24,5,5,9.74,0,0,0.33,1
61436567332,2,Female,45.09,47.34,5,5,4.11,0.5,0.5,0.29,0,0,0,0.1,0,0,0.18,0.01,7.5,7.5,1.26,5,0,1.04,0,0.22,0,0,3.34,3.34,4.22,4.22,0,0,0,1,2,0.9,0,4,4,1.36,5,5,1965.42,5,5,0,0,0,75.58,143.7,190.14,10,10,13.86,2.5,2.5,10.44,1.25,2.5,1.41,1
61436567333,5,Male,42.5,45.5,5,5,4.42,3,4,3.18,0.37,1,0.6,1.2,0.52,0.37,0.13,0.35,0,0,0.01,0,0,0,0,0,0.01,0,2.5,2.5,3.81,3.81,0,0,0,8,10,2.89,0,4,4,1.41,0,0,2763.64,5,5,0,0,0,64.86,500.28,771.35,10,10,1.71,0,0,14.46,5,5,5.63,1
